user_id,age,nationality,Occupation,favorite_type
1,32,KSA,Designer,Religious
2,50,Japan,Software Developer,Monument
3,57,Australia,Scientist,Historic
4,65,Brazil,Musician,Museum
5,69,Brazil,Doctor,Beach
6,38,Spain,Nurse,Desert
7,63,Brazil,Writer,Historic
8,44,Australia,Artist,Beach
9,49,USA,Lawyer,Market
10,22,Russia,Teacher,Monument
11,20,Japan,Lawyer,Nature
12,60,USA,Accountant,Nature
13,24,Germany,Doctor,Market
14,34,France,Pilot,Religious
15,24,Brazil,Writer,Nature
16,60,France,Artist,Museum
17,21,Russia,Chef,Religious
18,26,Italy,Lawyer,Beach
19,53,Australia,Writer,Beach
20,42,France,Chef,Museum
21,67,Australia,Designer,Nature
22,30,Brazil,Engineer,Desert
23,31,Australia,Musician,Historic
24,37,Brazil,Student,Historic
25,37,Russia,Designer,Museum
26,19,Japan,Lawyer,Museum
27,40,UK,Engineer,Desert
28,28,Italy,Businessman,Beach
29,33,Canada,Musician,Beach
30,24,France,Doctor,Monument
31,70,Italy,Lawyer,Desert
32,68,USA,Lawyer,Monument
33,65,Italy,Designer,Religious
34,60,UK,Teacher,Beach
35,66,Russia,Engineer,Desert
36,39,China,Software Developer,Historic
37,38,China,Student,Beach
38,21,France,Software Developer,Monument
39,64,Australia,Nurse,Monument
40,36,Germany,Software Developer,Religious
41,40,Spain,Musician,Monument
42,50,Spain,Scientist,Museum
43,42,Spain,Software Developer,Nature
44,63,Spain,Accountant,Historic
45,45,China,Nurse,Monument
46,24,France,Musician,Historic
47,58,Spain,Nurse,Beach
48,49,Germany,Businessman,Desert
49,39,UK,Artist,Museum
50,58,China,Lawyer,Beach
51,41,Russia,Nurse,Religious
52,58,Italy,Doctor,Museum
53,69,Russia,Pilot,Monument
54,58,Australia,Engineer,Monument
55,25,Australia,Businessman,Museum
56,67,USA,Accountant,Historic
57,19,Spain,Lawyer,Religious
58,26,France,Lawyer,Monument
59,32,Brazil,Engineer,Historic
60,62,Australia,Writer,Nature
61,70,China,Accountant,Desert
62,54,Spain,Artist,Monument
63,19,Russia,Lawyer,Historic
64,31,Russia,Engineer,Desert
65,63,Germany,Artist,Historic
66,43,Italy,Nurse,Desert
67,56,Brazil,Lawyer,Religious
68,54,Japan,Lawyer,Nature
69,56,Canada,Accountant,Market
70,69,Brazil,Scientist,Monument
71,43,Brazil,Teacher,Beach
72,38,China,Artist,Beach
73,25,Russia,Designer,Beach
74,29,USA,Musician,Religious
75,54,KSA,Student,Historic
76,51,Italy,Chef,Historic
77,34,Canada,Pilot,Monument
78,62,France,Pilot,Market
79,41,USA,Designer,Beach
80,50,Germany,Accountant,Beach
81,31,Spain,Chef,Religious
82,31,Germany,Pilot,Museum
83,23,Canada,Pilot,Religious
84,39,France,Writer,Nature
85,28,Spain,Artist,Museum
86,20,Russia,Businessman,Religious
87,21,Germany,Engineer,Beach
88,29,Brazil,Musician,Market
89,39,France,Musician,Monument
90,44,UK,Teacher,Beach
91,49,Australia,Chef,Beach
92,51,Brazil,Software Developer,Desert
93,23,Spain,Musician,Market
94,34,France,Student,Museum
95,39,UK,Lawyer,Historic
96,46,Spain,Pilot,Historic
97,39,Brazil,Scientist,Nature
98,53,China,Lawyer,Beach
99,49,KSA,Student,Market
100,41,Australia,Musician,Historic
101,36,UK,Engineer,Historic
102,28,France,Designer,Nature
103,54,France,Businessman,Religious
104,67,UK,Student,Historic
105,68,Australia,Nurse,Desert
106,41,Australia,Businessman,Monument
107,52,KSA,Accountant,Historic
108,33,UK,Software Developer,Beach
109,29,Russia,Designer,Desert
110,37,Canada,Artist,Beach
111,50,Russia,Lawyer,Monument
112,32,Germany,Businessman,Nature
113,20,KSA,Accountant,Historic
114,68,Australia,Software Developer,Monument
115,39,UK,Writer,Religious
116,57,Japan,Musician,Nature
117,47,Italy,Pilot,Nature
118,23,Italy,Businessman,Monument
119,62,Germany,Pilot,Beach
120,42,Russia,Scientist,Religious
121,56,France,Accountant,Desert
122,46,KSA,Nurse,Beach
123,22,USA,Student,Museum
124,31,Brazil,Doctor,Monument
125,63,Japan,Engineer,Beach
126,70,Germany,Nurse,Desert
127,57,UK,Businessman,Museum
128,26,Australia,Accountant,Museum
129,46,Canada,Nurse,Desert
130,21,USA,Musician,Desert
131,20,Australia,Accountant,Historic
132,65,Spain,Businessman,Beach
133,70,Spain,Writer,Nature
134,42,KSA,Pilot,Historic
135,29,France,Musician,Nature
136,35,Japan,Software Developer,Market
137,63,Japan,Writer,Desert
138,66,Russia,Designer,Monument
139,54,Spain,Chef,Beach
140,64,USA,Scientist,Beach
141,44,France,Nurse,Market
142,54,Italy,Designer,Nature
143,46,UK,Artist,Historic
144,51,Italy,Musician,Market
145,60,Canada,Scientist,Religious
146,32,UK,Businessman,Historic
147,32,Australia,Businessman,Desert
148,24,Japan,Software Developer,Museum
149,28,Italy,Student,Beach
150,18,China,Businessman,Religious
151,49,Japan,Lawyer,Nature
152,49,UK,Lawyer,Historic
153,53,USA,Engineer,Beach
154,57,Canada,Doctor,Museum
155,63,KSA,Businessman,Beach
156,20,France,Accountant,Desert
157,18,Russia,Accountant,Desert
158,25,Germany,Lawyer,Desert
159,41,Italy,Doctor,Religious
160,22,KSA,Writer,Museum
161,68,Japan,Businessman,Historic
162,31,France,Pilot,Religious
163,28,Brazil,Lawyer,Monument
164,20,France,Scientist,Desert
165,60,China,Software Developer,Beach
166,63,France,Businessman,Market
167,59,Germany,Student,Market
168,40,Italy,Doctor,Desert
169,56,Germany,Artist,Museum
170,43,Italy,Lawyer,Museum
171,43,Canada,Writer,Historic
172,28,France,Businessman,Nature
173,40,Russia,Designer,Nature
174,53,Spain,Designer,Religious
175,63,Germany,Engineer,Religious
176,64,France,Chef,Nature
177,24,Japan,Musician,Nature
178,57,Spain,Pilot,Religious
179,44,USA,Lawyer,Museum
180,60,KSA,Accountant,Market
181,32,Brazil,Writer,Market
182,27,UK,Pilot,Historic
183,31,Italy,Scientist,Beach
184,67,USA,Nurse,Historic
185,53,Brazil,Teacher,Beach
186,53,Australia,Software Developer,Nature
187,62,Germany,Artist,Desert
188,26,Spain,Artist,Religious
189,22,UK,Engineer,Monument
190,18,KSA,Artist,Monument
191,32,Italy,Software Developer,Desert
192,37,Germany,Pilot,Historic
193,48,Spain,Scientist,Market
194,70,Spain,Businessman,Desert
195,67,China,Engineer,Religious
196,30,Japan,Lawyer,Museum
197,60,Canada,Chef,Desert
198,33,Russia,Scientist,Beach
199,59,Brazil,Accountant,Historic
200,22,Japan,Artist,Market
201,45,Canada,Teacher,Monument
202,54,Spain,Pilot,Monument
203,37,Italy,Engineer,Religious
204,46,Brazil,Software Developer,Museum
205,70,KSA,Nurse,Beach
206,38,USA,Writer,Desert
207,45,UK,Businessman,Religious
208,26,Japan,Artist,Nature
209,59,Spain,Accountant,Beach
210,28,Japan,Engineer,Desert
211,30,USA,Software Developer,Religious
212,33,Japan,Artist,Beach
213,66,Germany,Engineer,Nature
214,36,Germany,Pilot,Monument
215,68,China,Writer,Market
216,51,Canada,Teacher,Nature
217,49,Germany,Nurse,Market
218,55,UK,Scientist,Religious
219,33,Brazil,Pilot,Beach
220,60,China,Software Developer,Desert
221,26,Spain,Musician,Desert
222,66,Brazil,Artist,Historic
223,27,France,Nurse,Beach
224,44,France,Lawyer,Religious
225,22,Germany,Artist,Desert
226,69,China,Engineer,Desert
227,50,Italy,Teacher,Desert
228,70,UK,Writer,Historic
229,49,France,Accountant,Desert
230,60,Japan,Designer,Nature
231,33,UK,Designer,Historic
232,47,Australia,Lawyer,Market
233,53,UK,Doctor,Museum
234,33,Japan,Accountant,Religious
235,59,UK,Scientist,Desert
236,63,Germany,Software Developer,Market
237,31,Japan,Businessman,Desert
238,43,China,Designer,Historic
239,43,Russia,Doctor,Market
240,61,KSA,Musician,Desert
241,64,Germany,Student,Monument
242,37,Brazil,Pilot,Religious
243,40,Australia,Artist,Religious
244,61,Japan,Writer,Monument
245,47,Spain,Writer,Historic
246,55,Brazil,Doctor,Market
247,47,China,Writer,Museum
248,26,Germany,Pilot,Monument
249,36,Brazil,Pilot,Monument
250,56,Canada,Scientist,Desert
251,42,Brazil,Student,Nature
252,62,France,Musician,Market
253,38,Germany,Designer,Museum
254,51,Canada,Chef,Historic
255,59,Germany,Artist,Desert
256,51,Italy,Doctor,Museum
257,61,USA,Businessman,Beach
258,57,Brazil,Pilot,Museum
259,60,Italy,Lawyer,Monument
260,33,Spain,Designer,Market
261,18,China,Student,Desert
262,49,UK,Scientist,Desert
263,45,France,Teacher,Desert
264,34,Japan,Lawyer,Historic
265,50,Japan,Teacher,Beach
266,62,KSA,Chef,Desert
267,54,Brazil,Writer,Historic
268,70,France,Nurse,Nature
269,28,KSA,Doctor,Museum
270,60,Brazil,Teacher,Market
271,54,France,Nurse,Desert
272,32,Canada,Nurse,Beach
273,30,France,Chef,Monument
274,61,Canada,Writer,Desert
275,26,Japan,Pilot,Market
276,66,KSA,Chef,Museum
277,64,Germany,Software Developer,Desert
278,62,China,Accountant,Historic
279,42,Brazil,Engineer,Nature
280,27,Australia,Student,Museum
281,35,France,Pilot,Monument
282,70,Italy,Musician,Beach
283,58,Russia,Doctor,Monument
284,21,Brazil,Writer,Religious
285,34,Australia,Engineer,Monument
286,43,UK,Engineer,Historic
287,28,Russia,Artist,Museum
288,63,Italy,Nurse,Market
289,25,Canada,Teacher,Nature
290,52,Germany,Doctor,Museum
291,27,Brazil,Accountant,Religious
292,41,Japan,Software Developer,Religious
293,33,Canada,Software Developer,Beach
294,40,China,Chef,Nature
295,70,Australia,Engineer,Historic
296,57,Canada,Nurse,Monument
297,36,China,Doctor,Market
298,37,Japan,Chef,Historic
299,67,KSA,Artist,Nature
300,65,Germany,Artist,Religious
301,20,Brazil,Scientist,Monument
302,69,China,Teacher,Monument
303,53,Japan,Software Developer,Desert
304,21,KSA,Accountant,Monument
305,60,KSA,Teacher,Museum
306,39,France,Accountant,Religious
307,46,Spain,Doctor,Nature
308,18,Brazil,Musician,Monument
309,49,China,Scientist,Historic
310,67,Russia,Engineer,Market
311,21,Italy,Doctor,Desert
312,67,Canada,Teacher,Museum
313,55,Japan,Chef,Monument
314,32,USA,Writer,Monument
315,67,Italy,Writer,Market
316,39,Brazil,Scientist,Beach
317,53,Australia,Accountant,Desert
318,51,Russia,Teacher,Desert
319,40,France,Musician,Nature
320,52,Australia,Writer,Beach
321,21,Brazil,Artist,Beach
322,29,Germany,Businessman,Religious
323,63,UK,Designer,Nature
324,42,KSA,Pilot,Monument
325,24,Japan,Doctor,Nature
326,48,France,Engineer,Beach
327,56,UK,Software Developer,Desert
328,66,USA,Designer,Monument
329,52,Canada,Chef,Museum
330,51,Australia,Nurse,Religious
331,66,Germany,Accountant,Museum
332,59,France,Musician,Market
333,49,Canada,Engineer,Desert
334,40,Canada,Artist,Beach
335,39,KSA,Student,Beach
336,57,Germany,Musician,Nature
337,18,Spain,Software Developer,Market
338,18,Germany,Engineer,Desert
339,69,Italy,Lawyer,Museum
340,50,Italy,Musician,Religious
341,70,Brazil,Musician,Monument
342,70,Germany,Writer,Religious
343,37,Australia,Nurse,Market
344,41,Germany,Artist,Nature
345,40,Brazil,Scientist,Museum
346,37,Spain,Designer,Religious
347,49,Australia,Software Developer,Religious
348,66,Japan,Designer,Beach
349,36,Spain,Accountant,Museum
350,35,UK,Designer,Religious
351,69,Canada,Pilot,Monument
352,62,Italy,Lawyer,Historic
353,21,UK,Artist,Monument
354,20,France,Engineer,Museum
355,65,Germany,Musician,Museum
356,34,Germany,Student,Museum
357,22,Canada,Lawyer,Monument
358,65,Germany,Artist,Religious
359,22,Germany,Accountant,Religious
360,47,Canada,Chef,Religious
361,31,China,Designer,Desert
362,52,Russia,Pilot,Monument
363,45,UK,Scientist,Desert
364,70,UK,Musician,Nature
365,67,Russia,Engineer,Nature
366,54,Japan,Nurse,Historic
367,37,UK,Artist,Religious
368,70,Italy,Engineer,Monument
369,21,USA,Student,Historic
370,68,Australia,Businessman,Religious
371,40,Germany,Writer,Beach
372,54,Canada,Teacher,Market
373,53,Brazil,Lawyer,Monument
374,24,Australia,Teacher,Desert
375,52,Australia,Scientist,Beach
376,18,Brazil,Software Developer,Desert
377,30,UK,Designer,Market
378,42,Germany,Student,Religious
379,48,KSA,Student,Market
380,30,Spain,Student,Historic
381,70,Italy,Businessman,Religious
382,29,Australia,Nurse,Historic
383,66,France,Musician,Religious
384,54,China,Student,Religious
385,18,China,Artist,Museum
386,61,Russia,Scientist,Museum
387,43,Japan,Engineer,Nature
388,63,Germany,Chef,Desert
389,57,USA,Lawyer,Historic
390,30,Russia,Scientist,Historic
391,44,USA,Student,Monument
392,45,Germany,Lawyer,Market
393,69,USA,Designer,Museum
394,43,Germany,Chef,Desert
395,36,Germany,Teacher,Historic
396,66,Russia,Doctor,Religious
397,50,Canada,Writer,Religious
398,65,Canada,Student,Monument
399,62,France,Chef,Museum
400,66,Japan,Businessman,Beach
401,60,Russia,Designer,Market
402,20,France,Teacher,Nature
403,38,Australia,Nurse,Market
404,52,Australia,Chef,Desert
405,36,Spain,Businessman,Historic
406,22,Japan,Writer,Monument
407,54,Italy,Doctor,Desert
408,61,Brazil,Nurse,Beach
409,66,Italy,Pilot,Historic
410,60,UK,Writer,Monument
411,20,Brazil,Chef,Religious
412,45,Brazil,Student,Monument
413,21,UK,Nurse,Museum
414,40,KSA,Student,Museum
415,63,Germany,Student,Historic
416,30,Spain,Designer,Desert
417,27,Australia,Lawyer,Religious
418,32,Brazil,Nurse,Historic
419,31,Australia,Musician,Market
420,66,France,Doctor,Desert
421,66,Italy,Accountant,Religious
422,54,Australia,Businessman,Monument
423,69,China,Accountant,Historic
424,21,Spain,Scientist,Market
425,29,USA,Accountant,Nature
426,68,USA,Doctor,Historic
427,33,China,Musician,Beach
428,20,Canada,Artist,Market
429,60,USA,Lawyer,Market
430,64,KSA,Lawyer,Market
431,41,Russia,Writer,Desert
432,27,Spain,Software Developer,Beach
433,56,Canada,Nurse,Market
434,68,Germany,Doctor,Monument
435,18,China,Businessman,Monument
436,46,China,Nurse,Nature
437,37,Germany,Student,Monument
438,24,UK,Student,Monument
439,29,Russia,Chef,Nature
440,34,Italy,Software Developer,Museum
441,28,Japan,Designer,Historic
442,20,UK,Musician,Beach
443,28,France,Student,Beach
444,46,Germany,Nurse,Monument
445,43,Canada,Accountant,Nature
446,53,Australia,Doctor,Monument
447,46,KSA,Software Developer,Museum
448,68,UK,Student,Nature
449,40,USA,Student,Market
450,66,UK,Businessman,Nature
451,43,Spain,Pilot,Historic
452,69,Spain,Chef,Nature
453,21,France,Accountant,Monument
454,29,China,Teacher,Museum
455,44,Japan,Scientist,Desert
456,40,Italy,Nurse,Market
457,26,Germany,Engineer,Religious
458,25,Germany,Chef,Nature
459,53,Germany,Lawyer,Monument
460,21,Brazil,Student,Beach
461,56,KSA,Designer,Beach
462,29,Brazil,Nurse,Market
463,63,UK,Nurse,Monument
464,42,Germany,Student,Nature
465,30,Japan,Pilot,Historic
466,47,France,Engineer,Museum
467,29,Japan,Student,Desert
468,51,Australia,Artist,Market
469,36,USA,Artist,Nature
470,20,Australia,Artist,Museum
471,53,KSA,Artist,Historic
472,49,Russia,Student,Nature
473,49,China,Scientist,Beach
474,31,UK,Pilot,Monument
475,48,Canada,Businessman,Nature
476,42,UK,Lawyer,Religious
477,61,Germany,Pilot,Desert
478,30,Australia,Designer,Museum
479,59,China,Teacher,Monument
480,19,Brazil,Chef,Monument
481,20,France,Accountant,Religious
482,60,Australia,Artist,Museum
483,24,Germany,Pilot,Museum
484,36,Russia,Software Developer,Monument
485,22,KSA,Student,Desert
486,45,Brazil,Writer,Desert
487,38,Italy,Nurse,Religious
488,65,KSA,Chef,Nature
489,26,Australia,Musician,Nature
490,41,USA,Chef,Historic
491,30,KSA,Software Developer,Monument
492,59,Italy,Scientist,Museum
493,33,France,Musician,Market
494,53,USA,Writer,Religious
495,36,France,Lawyer,Museum
496,44,Brazil,Lawyer,Museum
497,28,France,Doctor,Religious
498,47,KSA,Designer,Desert
499,37,USA,Software Developer,Desert
500,23,Spain,Businessman,Desert
501,56,Australia,Accountant,Monument
502,49,KSA,Pilot,Monument
503,45,Japan,Engineer,Desert
504,63,France,Designer,Nature
505,45,Italy,Doctor,Nature
506,42,Canada,Musician,Monument
507,50,Brazil,Pilot,Nature
508,20,Italy,Scientist,Religious
509,31,Russia,Musician,Desert
510,61,Australia,Musician,Historic
511,53,KSA,Engineer,Religious
512,55,KSA,Writer,Desert
513,54,UK,Student,Beach
514,24,France,Accountant,Desert
515,18,Brazil,Software Developer,Desert
516,24,Italy,Musician,Monument
517,65,France,Writer,Nature
518,43,Brazil,Pilot,Beach
519,34,Canada,Writer,Historic
520,28,France,Teacher,Museum
521,68,UK,Lawyer,Historic
522,62,France,Businessman,Nature
523,29,Spain,Musician,Historic
524,67,KSA,Businessman,Historic
525,52,Spain,Teacher,Beach
526,44,France,Pilot,Religious
527,54,China,Nurse,Market
528,44,USA,Scientist,Desert
529,21,Japan,Teacher,Beach
530,32,France,Student,Beach
531,49,China,Nurse,Museum
532,60,Russia,Writer,Museum
533,36,USA,Student,Museum
534,40,Japan,Musician,Nature
535,38,Germany,Designer,Religious
536,22,KSA,Doctor,Monument
537,55,Spain,Teacher,Beach
538,43,UK,Student,Historic
539,34,Italy,Designer,Market
540,46,Germany,Chef,Beach
541,26,France,Student,Monument
542,42,UK,Engineer,Historic
543,51,Japan,Accountant,Market
544,39,Germany,Artist,Nature
545,34,KSA,Student,Market
546,61,Brazil,Chef,Market
547,61,China,Lawyer,Beach
548,21,Germany,Scientist,Beach
549,22,KSA,Engineer,Monument
550,41,USA,Chef,Market
551,57,Spain,Designer,Historic
552,65,Australia,Businessman,Historic
553,64,Germany,Artist,Monument
554,53,UK,Software Developer,Monument
555,64,Australia,Writer,Market
556,26,Canada,Lawyer,Historic
557,33,Germany,Artist,Desert
558,36,Italy,Student,Desert
559,61,UK,Designer,Historic
560,19,Spain,Lawyer,Museum
561,19,Brazil,Nurse,Beach
562,48,UK,Teacher,Nature
563,41,Russia,Nurse,Museum
564,42,France,Software Developer,Beach
565,47,Australia,Doctor,Desert
566,65,Germany,Writer,Museum
567,46,Italy,Pilot,Beach
568,56,KSA,Artist,Monument
569,47,Russia,Software Developer,Monument
570,29,Italy,Student,Nature
571,55,Germany,Designer,Historic
572,59,USA,Nurse,Desert
573,36,Italy,Software Developer,Museum
574,45,Italy,Student,Religious
575,68,USA,Artist,Beach
576,27,Japan,Businessman,Museum
577,32,Italy,Musician,Beach
578,51,Russia,Software Developer,Monument
579,48,France,Doctor,Beach
580,64,UK,Engineer,Desert
581,35,Germany,Businessman,Desert
582,27,China,Nurse,Nature
583,66,Canada,Chef,Religious
584,38,USA,Scientist,Desert
585,59,China,Doctor,Nature
586,62,Germany,Writer,Monument
587,68,USA,Businessman,Nature
588,44,Brazil,Pilot,Monument
589,60,Japan,Lawyer,Desert
590,39,France,Pilot,Historic
591,23,France,Engineer,Market
592,21,UK,Accountant,Historic
593,63,Canada,Pilot,Religious
594,47,Russia,Software Developer,Market
595,31,USA,Nurse,Monument
596,50,UK,Pilot,Market
597,18,Italy,Accountant,Historic
598,20,Canada,Software Developer,Monument
599,23,KSA,Designer,Nature
600,64,USA,Businessman,Historic
601,28,Australia,Designer,Nature
602,41,Italy,Student,Museum
603,59,Australia,Writer,Market
604,36,Japan,Doctor,Beach
605,32,UK,Businessman,Beach
606,47,France,Software Developer,Museum
607,28,KSA,Designer,Museum
608,19,France,Chef,Beach
609,63,France,Writer,Beach
610,36,Spain,Lawyer,Desert
611,28,UK,Artist,Museum
612,64,Italy,Engineer,Museum
613,50,Italy,Lawyer,Religious
614,32,Germany,Student,Nature
615,69,Spain,Engineer,Desert
616,35,Japan,Designer,Monument
617,47,Brazil,Musician,Historic
618,57,KSA,Teacher,Beach
619,65,Russia,Nurse,Beach
620,31,Brazil,Chef,Monument
621,21,KSA,Musician,Religious
622,62,KSA,Writer,Beach
623,43,China,Software Developer,Religious
624,48,Canada,Writer,Market
625,48,UK,Student,Historic
626,21,Germany,Chef,Museum
627,69,Brazil,Nurse,Religious
628,61,USA,Lawyer,Nature
629,40,USA,Software Developer,Nature
630,23,USA,Businessman,Religious
631,28,Germany,Artist,Monument
632,29,Spain,Student,Monument
633,44,Spain,Musician,Desert
634,20,Italy,Student,Nature
635,49,UK,Chef,Desert
636,33,Japan,Engineer,Religious
637,44,China,Scientist,Beach
638,59,UK,Accountant,Market
639,52,KSA,Nurse,Religious
640,54,Australia,Software Developer,Museum
641,42,Canada,Chef,Nature
642,23,KSA,Businessman,Historic
643,66,Spain,Pilot,Monument
644,38,Spain,Doctor,Market
645,64,France,Artist,Desert
646,57,KSA,Software Developer,Desert
647,61,Spain,Writer,Monument
648,28,Japan,Lawyer,Historic
649,31,Russia,Engineer,Market
650,67,Italy,Musician,Market
651,70,Germany,Engineer,Monument
652,62,Germany,Writer,Beach
653,43,Australia,Doctor,Historic
654,57,Germany,Scientist,Nature
655,42,Germany,Scientist,Religious
656,36,Russia,Musician,Desert
657,44,Canada,Chef,Museum
658,49,Italy,Musician,Desert
659,20,Australia,Pilot,Monument
660,27,Russia,Nurse,Museum
661,48,KSA,Designer,Museum
662,51,Canada,Pilot,Museum
663,33,Australia,Businessman,Religious
664,53,Russia,Writer,Desert
665,18,Japan,Designer,Nature
666,22,France,Businessman,Historic
667,38,Australia,Scientist,Historic
668,40,Italy,Software Developer,Desert
669,29,Russia,Scientist,Market
670,23,USA,Accountant,Historic
671,52,Japan,Software Developer,Historic
672,55,USA,Chef,Desert
673,69,Italy,Nurse,Desert
674,22,Spain,Accountant,Monument
675,39,UK,Student,Market
676,31,Japan,Teacher,Desert
677,49,Canada,Engineer,Nature
678,56,Japan,Artist,Market
679,68,Japan,Nurse,Market
680,41,Germany,Teacher,Museum
681,59,Russia,Pilot,Museum
682,54,China,Lawyer,Beach
683,29,Japan,Software Developer,Historic
684,34,Spain,Nurse,Beach
685,60,Italy,Scientist,Historic
686,28,Italy,Chef,Market
687,30,UK,Software Developer,Museum
688,30,Brazil,Chef,Nature
689,43,France,Software Developer,Museum
690,47,Italy,Chef,Monument
691,24,Russia,Musician,Museum
692,52,UK,Musician,Beach
693,20,Australia,Nurse,Nature
694,56,France,Chef,Desert
695,24,Australia,Chef,Historic
696,68,KSA,Software Developer,Beach
697,35,China,Designer,Monument
698,34,USA,Scientist,Religious
699,68,UK,Scientist,Nature
700,27,France,Doctor,Nature
701,39,USA,Nurse,Monument
702,60,Germany,Student,Beach
703,70,China,Student,Museum
704,33,Russia,Engineer,Beach
705,28,UK,Nurse,Monument
706,64,UK,Chef,Museum
707,59,Japan,Student,Historic
708,25,Germany,Software Developer,Historic
709,50,China,Writer,Historic
710,31,Australia,Businessman,Desert
711,53,Canada,Designer,Monument
712,31,Australia,Designer,Desert
713,18,UK,Lawyer,Beach
714,47,UK,Student,Desert
715,54,KSA,Nurse,Historic
716,34,China,Teacher,Museum
717,65,UK,Doctor,Beach
718,59,Italy,Scientist,Nature
719,51,France,Designer,Religious
720,18,Australia,Doctor,Market
721,28,Japan,Scientist,Desert
722,30,Germany,Chef,Museum
723,37,USA,Writer,Nature
724,39,Canada,Chef,Beach
725,58,Germany,Lawyer,Religious
726,19,Canada,Musician,Market
727,51,China,Nurse,Market
728,48,Canada,Writer,Historic
729,45,UK,Designer,Museum
730,58,UK,Businessman,Beach
731,56,Russia,Student,Desert
732,31,KSA,Businessman,Beach
733,48,Australia,Businessman,Nature
734,37,Canada,Nurse,Beach
735,61,KSA,Businessman,Museum
736,37,Brazil,Accountant,Historic
737,60,Canada,Nurse,Market
738,48,Spain,Writer,Desert
739,24,Germany,Software Developer,Monument
740,29,USA,Teacher,Historic
741,38,KSA,Pilot,Religious
742,31,Spain,Engineer,Historic
743,44,Italy,Doctor,Museum
744,21,Russia,Businessman,Desert
745,21,France,Chef,Historic
746,20,Russia,Software Developer,Museum
747,37,Japan,Doctor,Historic
748,40,Germany,Engineer,Beach
749,23,USA,Lawyer,Market
750,27,UK,Artist,Historic
751,49,Spain,Doctor,Nature
752,18,Germany,Software Developer,Market
753,66,Russia,Student,Nature
754,54,Italy,Businessman,Monument
755,52,China,Engineer,Religious
756,51,KSA,Student,Beach
757,30,Japan,Nurse,Beach
758,49,Canada,Teacher,Beach
759,18,Russia,Artist,Nature
760,25,UK,Lawyer,Market
761,34,Italy,Businessman,Desert
762,66,USA,Nurse,Desert
763,44,France,Engineer,Religious
764,46,USA,Chef,Religious
765,59,USA,Scientist,Nature
766,22,Italy,Businessman,Desert
767,64,Brazil,Lawyer,Historic
768,61,Italy,Software Developer,Nature
769,43,Japan,Scientist,Nature
770,31,USA,Writer,Desert
771,34,USA,Chef,Desert
772,50,Australia,Doctor,Market
773,28,UK,Pilot,Historic
774,56,Russia,Software Developer,Nature
775,49,Italy,Scientist,Religious
776,34,USA,Writer,Museum
777,44,KSA,Pilot,Desert
778,27,Germany,Writer,Beach
779,48,Germany,Lawyer,Historic
780,65,France,Businessman,Monument
781,30,China,Pilot,Museum
782,69,Spain,Chef,Desert
783,26,Spain,Teacher,Religious
784,63,Australia,Nurse,Historic
785,61,Brazil,Designer,Nature
786,30,Russia,Teacher,Market
787,69,Brazil,Musician,Beach
788,39,China,Accountant,Beach
789,25,Germany,Student,Monument
790,48,Brazil,Artist,Museum
791,57,UK,Writer,Desert
792,55,KSA,Musician,Historic
793,70,Italy,Student,Market
794,20,Canada,Businessman,Nature
795,20,Japan,Scientist,Desert
796,60,France,Teacher,Beach
797,53,Germany,Writer,Desert
798,24,Germany,Chef,Desert
799,28,Germany,Artist,Nature
800,27,Brazil,Designer,Monument
801,36,Australia,Software Developer,Market
802,23,KSA,Engineer,Nature
803,49,Australia,Writer,Beach
804,37,Japan,Chef,Market
805,28,KSA,Artist,Beach
806,36,Germany,Businessman,Museum
807,39,Spain,Nurse,Religious
808,68,USA,Businessman,Historic
809,58,Spain,Writer,Desert
810,42,Australia,Teacher,Religious
811,20,China,Artist,Beach
812,44,Brazil,Accountant,Museum
813,32,China,Designer,Nature
814,50,KSA,Musician,Historic
815,29,Russia,Teacher,Historic
816,60,USA,Nurse,Historic
817,60,Canada,Teacher,Religious
818,57,Russia,Businessman,Desert
819,45,KSA,Lawyer,Beach
820,54,Canada,Accountant,Market
821,20,USA,Engineer,Religious
822,55,Brazil,Engineer,Beach
823,37,UK,Writer,Historic
824,44,Canada,Lawyer,Nature
825,39,Brazil,Musician,Market
826,62,Spain,Lawyer,Desert
827,69,UK,Engineer,Religious
828,37,Brazil,Nurse,Historic
829,69,Brazil,Artist,Historic
830,68,Spain,Chef,Religious
831,50,KSA,Artist,Beach
832,36,Canada,Businessman,Museum
833,68,Australia,Accountant,Market
834,67,Japan,Accountant,Museum
835,42,Italy,Student,Monument
836,36,France,Software Developer,Market
837,32,Australia,Accountant,Desert
838,55,Italy,Writer,Nature
839,62,Germany,Software Developer,Nature
840,22,UK,Designer,Monument
841,34,USA,Engineer,Beach
842,46,Spain,Designer,Nature
843,55,France,Student,Historic
844,54,Italy,Businessman,Desert
845,66,France,Musician,Historic
846,56,Spain,Pilot,Historic
847,67,France,Lawyer,Desert
848,34,Japan,Businessman,Museum
849,59,KSA,Student,Market
850,56,Canada,Accountant,Monument
851,22,China,Doctor,Religious
852,61,China,Nurse,Desert
853,54,Italy,Doctor,Museum
854,34,Russia,Scientist,Historic
855,28,Germany,Nurse,Monument
856,29,Canada,Pilot,Market
857,43,Australia,Nurse,Monument
858,45,Brazil,Scientist,Religious
859,35,France,Engineer,Desert
860,33,Australia,Lawyer,Beach
861,18,Japan,Musician,Market
862,64,Brazil,Engineer,Monument
863,37,Brazil,Software Developer,Desert
864,23,Germany,Software Developer,Nature
865,30,Italy,Student,Desert
866,38,Germany,Software Developer,Market
867,53,Germany,Chef,Market
868,55,Russia,Software Developer,Religious
869,19,Russia,Pilot,Religious
870,62,UK,Designer,Beach
871,35,Australia,Businessman,Beach
872,23,Russia,Doctor,Beach
873,22,Russia,Engineer,Beach
874,32,Germany,Scientist,Beach
875,63,UK,Businessman,Museum
876,30,Russia,Nurse,Desert
877,32,Japan,Pilot,Market
878,30,USA,Artist,Beach
879,28,Russia,Teacher,Museum
880,43,France,Accountant,Market
881,58,KSA,Software Developer,Beach
882,64,Australia,Designer,Desert
883,33,Brazil,Chef,Market
884,65,Russia,Accountant,Historic
885,41,USA,Designer,Beach
886,49,Italy,Accountant,Museum
887,65,USA,Artist,Religious
888,53,Germany,Software Developer,Nature
889,52,Australia,Artist,Desert
890,65,KSA,Doctor,Museum
891,31,Italy,Writer,Monument
892,69,Germany,Musician,Religious
893,33,USA,Businessman,Beach
894,69,UK,Student,Historic
895,56,France,Accountant,Historic
896,70,Canada,Musician,Beach
897,20,Brazil,Writer,Historic
898,21,Spain,Doctor,Market
899,63,Brazil,Doctor,Monument
900,67,Brazil,Musician,Religious
901,40,Russia,Accountant,Nature
902,21,KSA,Scientist,Museum
903,30,USA,Accountant,Nature
904,18,Italy,Nurse,Nature
905,31,France,Accountant,Monument
906,61,Japan,Engineer,Monument
907,19,UK,Engineer,Historic
908,56,Australia,Nurse,Religious
909,39,KSA,Teacher,Historic
910,70,Germany,Engineer,Historic
911,40,Australia,Pilot,Nature
912,68,Japan,Writer,Beach
913,41,Germany,Designer,Historic
914,68,Japan,Designer,Historic
915,60,Italy,Engineer,Historic
916,57,Italy,Designer,Desert
917,28,Canada,Businessman,Religious
918,55,Russia,Lawyer,Museum
919,51,UK,Musician,Beach
920,65,Japan,Engineer,Historic
921,55,France,Businessman,Museum
922,67,USA,Chef,Market
923,52,USA,Artist,Religious
924,21,France,Student,Market
925,29,Italy,Software Developer,Museum
926,50,Australia,Student,Religious
927,52,Australia,Software Developer,Historic
928,21,Germany,Chef,Monument
929,42,China,Artist,Desert
930,64,Australia,Accountant,Market
931,55,KSA,Accountant,Religious
932,56,Japan,Artist,Museum
933,65,Australia,Chef,Nature
934,52,Australia,Designer,Museum
935,24,China,Businessman,Monument
936,35,China,Businessman,Market
937,18,Italy,Teacher,Nature
938,20,Italy,Businessman,Museum
939,45,Russia,Student,Desert
940,63,Spain,Scientist,Beach
941,60,UK,Nurse,Museum
942,52,USA,Lawyer,Museum
943,61,Germany,Doctor,Historic
944,55,UK,Pilot,Religious
945,47,Spain,Software Developer,Museum
946,35,Spain,Student,Beach
947,68,Japan,Nurse,Historic
948,37,Brazil,Student,Nature
949,61,Italy,Writer,Museum
950,33,Russia,Doctor,Museum
951,51,Brazil,Writer,Religious
952,25,USA,Artist,Market
953,26,Russia,Designer,Museum
954,51,Brazil,Artist,Monument
955,33,Spain,Designer,Beach
956,26,USA,Software Developer,Religious
957,65,KSA,Lawyer,Desert
958,39,Australia,Student,Monument
959,59,UK,Teacher,Religious
960,69,Italy,Software Developer,Museum
961,30,Australia,Doctor,Historic
962,62,France,Writer,Religious
963,66,Italy,Designer,Nature
964,61,USA,Chef,Market
965,34,Japan,Chef,Nature
966,56,Italy,Accountant,Nature
967,49,KSA,Doctor,Desert
968,28,Russia,Teacher,Monument
969,19,Italy,Scientist,Religious
970,51,Brazil,Artist,Religious
971,26,France,Businessman,Historic
972,55,UK,Artist,Museum
973,33,Australia,Designer,Nature
974,36,Russia,Musician,Historic
975,21,China,Businessman,Beach
976,63,UK,Student,Beach
977,26,Germany,Writer,Market
978,28,UK,Chef,Desert
979,67,Italy,Software Developer,Historic
980,49,Germany,Student,Desert
981,21,Russia,Nurse,Monument
982,38,Japan,Engineer,Historic
983,62,USA,Scientist,Nature
984,28,KSA,Software Developer,Museum
985,50,Japan,Doctor,Religious
986,44,KSA,Engineer,Nature
987,52,Canada,Lawyer,Monument
988,26,Brazil,Student,Nature
989,70,Russia,Writer,Beach
990,29,Italy,Teacher,Desert
991,38,Japan,Businessman,Historic
992,21,Australia,Scientist,Beach
993,58,Russia,Chef,Monument
994,46,Canada,Pilot,Monument
995,34,Italy,Software Developer,Beach
996,40,Italy,Doctor,Beach
997,35,Italy,Designer,Museum
998,33,Russia,Scientist,Desert
999,57,France,Writer,Historic
1000,28,USA,Pilot,Monument
